transaction_id,date,product_id,customer_id,quantity,total_amount
1,2023-01-01,145,1037,8,132.16
2,2023-01-02,148,1006,2,20.98
3,2023-01-03,165,1006,4,139.44
4,2023-01-04,168,1039,3,127.92
5,2023-01-05,168,1036,1,79.91
6,2023-01-06,110,1089,4,388.12
7,2023-01-07,184,1050,3,134.64000000000001
8,2023-01-08,122,1080,3,215.39999999999998
9,2023-01-09,137,1085,3,298.62
10,2023-01-10,188,1010,4,308.44
11,2023-01-11,171,1005,6,403.56000000000006
12,2023-01-12,189,1050,2,34.06
13,2023-01-13,189,1025,8,312.72
14,2023-01-14,113,1095,6,553.26
15,2023-01-15,159,1003,4,112.36
16,2023-01-16,166,1084,4,343.68
17,2023-01-17,140,1004,1,72.67
18,2023-01-18,188,1078,7,300.78999999999996
19,2023-01-19,147,1012,4,230.52
20,2023-01-20,189,1014,7,411.95
21,2023-01-21,182,1082,6,445.56000000000006
22,2023-01-22,138,1027,2,112.98
23,2023-01-23,126,1071,4,87.92
24,2023-01-24,178,1048,4,318.44
25,2023-01-25,173,1099,8,372.48
26,2023-01-26,110,1022,9,870.1200000000001
27,2023-01-27,121,1021,5,177.60000000000002
28,2023-01-28,181,1043,8,269.44
29,2023-01-29,170,1058,9,360.18
30,2023-01-30,180,1018,5,307.55
31,2023-01-31,148,1090,2,181.08
32,2023-02-01,165,1086,6,155.22
33,2023-02-02,183,1056,1,35.17
34,2023-02-03,189,1069,4,249.4
35,2023-02-04,150,1099,7,356.23
36,2023-02-05,130,1012,4,201.04
37,2023-02-06,120,1099,1,83.87
38,2023-02-07,120,1098,4,372.6
39,2023-02-08,115,1020,7,373.24
40,2023-02-09,140,1012,6,431.15999999999997
41,2023-02-10,133,1098,2,164.2
42,2023-02-11,166,1026,8,453.2
43,2023-02-12,110,1098,4,145.96
44,2023-02-13,158,1096,5,337.15000000000003
45,2023-02-14,133,1046,8,501.28
46,2023-02-15,132,1007,1,91.14
47,2023-02-16,175,1090,4,58.88
48,2023-02-17,124,1089,6,551.46
49,2023-02-18,136,1039,7,406.7
50,2023-02-19,176,1052,7,79.87
51,2023-02-20,156,1017,8,328.16
52,2023-02-21,129,1024,5,375.95
53,2023-02-22,135,1091,8,431.68
54,2023-02-23,101,1004,3,294.63
55,2023-02-24,101,1091,1,48.03
56,2023-02-25,137,1047,2,78.8
57,2023-02-26,154,1030,7,587.65
58,2023-02-27,106,1003,6,355.86
59,2023-02-28,139,1006,5,357.04999999999995
60,2023-03-01,118,1072,9,742.59
61,2023-03-02,180,1016,8,563.44
62,2023-03-03,105,1079,9,432.18
63,2023-03-04,143,1036,7,148.61
64,2023-03-05,159,1053,2,124.44
65,2023-03-06,132,1008,5,453.84999999999997
66,2023-03-07,102,1052,9,429.3
67,2023-03-08,166,1052,6,551.8199999999999
68,2023-03-09,142,1030,2,110.64
69,2023-03-10,158,1056,7,461.15999999999997
70,2023-03-11,136,1012,3,254.91
71,2023-03-12,112,1068,8,486.48
72,2023-03-13,147,1078,6,109.14000000000001
73,2023-03-14,183,1056,8,786.32
74,2023-03-15,192,1089,7,224.91000000000003
75,2023-03-16,101,1069,7,517.65
76,2023-03-17,115,1087,4,221.84
77,2023-03-18,154,1058,4,212.36
78,2023-03-19,113,1094,5,159.75
79,2023-03-20,143,1012,5,374.95
80,2023-03-21,185,1079,2,40.3
81,2023-03-22,176,1083,4,396.56
82,2023-03-23,169,1090,6,516.48
83,2023-03-24,107,1004,2,116.22
84,2023-03-25,169,1038,8,385.68
85,2023-03-26,148,1008,6,214.68
86,2023-03-27,104,1030,5,275.7
87,2023-03-28,177,1079,3,267.45000000000005
88,2023-03-29,153,1012,1,34.75
89,2023-03-30,179,1074,9,495.45
90,2023-03-31,116,1012,8,248.88
91,2023-04-01,121,1017,2,80.68
92,2023-04-02,159,1061,2,54.24
93,2023-04-03,124,1064,2,198.3
94,2023-04-04,180,1060,8,491.44
95,2023-04-05,114,1002,5,379.75
96,2023-04-06,186,1019,9,169.56
97,2023-04-07,149,1054,7,300.65000000000003
98,2023-04-08,150,1029,2,180.68
99,2023-04-09,170,1065,3,52.800000000000004
100,2023-04-10,142,1086,9,224.01
101,2023-04-11,136,1089,5,331.45000000000005
102,2023-04-12,165,1074,8,528.4
103,2023-04-13,196,1009,9,768.96
104,2023-04-14,170,1083,9,847.71
105,2023-04-15,195,1012,4,91.12
106,2023-04-16,101,1093,3,100.02000000000001
107,2023-04-17,151,1052,6,290.82
108,2023-04-18,137,1082,7,70.56
109,2023-04-19,135,1056,5,81.4
110,2023-04-20,149,1016,6,182.28
111,2023-04-21,194,1004,8,426.4
112,2023-04-22,104,1089,1,32.64
113,2023-04-23,199,1086,4,355.6
114,2023-04-24,143,1029,6,235.07999999999998
115,2023-04-25,178,1059,6,559.3199999999999
116,2023-04-26,122,1086,8,781.84
117,2023-04-27,174,1079,9,454.41
118,2023-04-28,101,1066,1,30.44
119,2023-04-29,111,1077,3,108.75
120,2023-04-30,144,1012,7,559.09
121,2023-05-01,159,1026,6,207.60000000000002
122,2023-05-02,124,1012,2,88.5
123,2023-05-03,160,1091,6,318.42
124,2023-05-04,103,1035,2,123.52
125,2023-05-05,199,1002,3,298.95000000000005
126,2023-05-06,163,1017,4,123.6
127,2023-05-07,136,1002,1,41.81
128,2023-05-08,195,1017,4,134.64
129,2023-05-09,168,1034,1,42.5
130,2023-05-10,183,1034,2,38.14
131,2023-05-11,147,1045,3,127.14000000000001
132,2023-05-12,121,1041,3,269.73
133,2023-05-13,182,1073,4,147.48
134,2023-05-14,151,1078,5,217.35
135,2023-05-15,128,1084,6,570.0
136,2023-05-16,115,1033,9,679.9499999999999
137,2023-05-17,142,1024,6,339.06
138,2023-05-18,159,1069,2,159.9
139,2023-05-19,166,1032,7,147.63
140,2023-05-20,137,1023,2,103.6
141,2023-05-21,111,1065,7,144.48000000000002
142,2023-05-22,187,1032,2,62.06
143,2023-05-23,144,1080,6,136.62
144,2023-05-24,112,1084,7,297.92
145,2023-05-25,103,1016,3,133.05
146,2023-05-26,152,1052,3,285.78000000000003
147,2023-05-27,181,1013,3,101.31
148,2023-05-28,133,1046,9,472.68
149,2023-05-29,155,1011,7,581.14
150,2023-05-30,101,1081,4,333.64
151,2023-05-31,139,1071,5,387.65
152,2023-06-01,120,1022,2,71.82
153,2023-06-02,147,1095,7,381.84999999999997
154,2023-06-03,143,1068,7,187.32000000000002
155,2023-06-04,157,1081,9,242.64000000000001
156,2023-06-05,161,1065,9,443.07
157,2023-06-06,178,1002,9,688.23
158,2023-06-07,131,1051,6,344.34000000000003
159,2023-06-08,125,1097,3,269.4
160,2023-06-09,103,1083,3,254.34
161,2023-06-10,104,1083,6,77.03999999999999
162,2023-06-11,195,1058,6,366.96
163,2023-06-12,199,1023,5,324.09999999999997
164,2023-06-13,114,1016,2,193.08
165,2023-06-14,141,1016,2,24.18
166,2023-06-15,173,1029,9,520.1999999999999
167,2023-06-16,120,1072,9,255.87
168,2023-06-17,196,1028,4,59.32
169,2023-06-18,173,1089,1,62.87
170,2023-06-19,127,1058,3,238.59
171,2023-06-20,167,1059,4,318.96
172,2023-06-21,153,1089,7,89.11
173,2023-06-22,168,1077,5,233.15
174,2023-06-23,162,1014,8,112.08
175,2023-06-24,115,1019,6,193.86
176,2023-06-25,197,1079,6,164.16
177,2023-06-26,105,1079,4,117.48
178,2023-06-27,168,1021,9,364.68
179,2023-06-28,112,1072,8,279.76
180,2023-06-29,187,1056,2,193.22
181,2023-06-30,178,1045,8,333.76
182,2023-07-01,176,1092,6,542.88
183,2023-07-02,157,1045,5,131.45
184,2023-07-03,117,1016,1,78.74
185,2023-07-04,125,1088,6,93.12
186,2023-07-05,130,1076,8,413.2
187,2023-07-06,122,1078,9,94.5
188,2023-07-07,126,1030,2,165.86
189,2023-07-08,181,1096,7,668.7800000000001
190,2023-07-09,161,1083,7,92.12
191,2023-07-10,162,1005,1,94.05
192,2023-07-11,184,1029,3,238.95000000000002
193,2023-07-12,134,1066,9,380.7
194,2023-07-13,133,1050,7,642.6
195,2023-07-14,171,1050,7,256.62
196,2023-07-15,186,1088,4,187.36
197,2023-07-16,132,1058,5,93.5
198,2023-07-17,114,1081,5,345.6
199,2023-07-18,172,1042,5,63.3
200,2023-07-19,157,1091,2,107.28
201,2023-07-20,125,1067,5,357.45
202,2023-07-21,180,1048,4,335.64
203,2023-07-22,142,1018,9,211.41
204,2023-07-23,119,1021,3,233.61
205,2023-07-24,141,1039,2,149.44
206,2023-07-25,155,1065,8,482.88
207,2023-07-26,180,1007,9,563.5799999999999
208,2023-07-27,112,1023,4,72.84
209,2023-07-28,139,1080,4,256.16
210,2023-07-29,194,1075,1,44.34
211,2023-07-30,102,1035,8,704.64
212,2023-07-31,196,1041,8,305.44
213,2023-08-01,145,1039,6,371.34000000000003
214,2023-08-02,189,1022,4,193.56
215,2023-08-03,125,1035,8,710.88
216,2023-08-04,168,1033,9,295.65000000000003
217,2023-08-05,183,1043,6,102.53999999999999
218,2023-08-06,104,1045,6,464.28
219,2023-08-07,177,1042,2,94.32
220,2023-08-08,136,1028,8,504.16
221,2023-08-09,187,1049,7,86.66000000000001
222,2023-08-10,162,1011,2,191.38
223,2023-08-11,170,1069,9,800.91
224,2023-08-12,188,1018,2,132.3
225,2023-08-13,144,1004,3,34.589999999999996
226,2023-08-14,133,1095,1,44.02
227,2023-08-15,112,1088,3,294.27
228,2023-08-16,185,1030,5,356.59999999999997
229,2023-08-17,111,1031,5,122.44999999999999
230,2023-08-18,155,1076,9,463.05
231,2023-08-19,138,1067,5,485.05
232,2023-08-20,129,1094,8,464.96
233,2023-08-21,103,1061,6,73.32000000000001
234,2023-08-22,128,1008,3,197.34
235,2023-08-23,184,1052,4,137.64
236,2023-08-24,190,1074,1,18.9
237,2023-08-25,124,1088,8,370.08
238,2023-08-26,154,1065,7,421.89000000000004
239,2023-08-27,152,1018,9,103.77
240,2023-08-28,147,1041,2,120.62
241,2023-08-29,121,1022,8,448.08
242,2023-08-30,154,1095,7,570.15
243,2023-08-31,130,1027,9,433.08
244,2023-09-01,168,1016,5,299.05
245,2023-09-02,136,1018,4,307.12
246,2023-09-03,140,1011,6,544.4399999999999
247,2023-09-04,110,1018,3,132.60000000000002
248,2023-09-05,174,1004,1,64.15
249,2023-09-06,142,1074,2,145.02
250,2023-09-07,124,1030,5,69.45
251,2023-09-08,104,1068,1,82.07
252,2023-09-09,147,1072,6,263.82
253,2023-09-10,191,1081,9,632.8799999999999
254,2023-09-11,151,1099,4,209.8
255,2023-09-12,104,1005,2,146.42
256,2023-09-13,132,1062,6,451.14
257,2023-09-14,110,1091,1,27.24
258,2023-09-15,111,1007,9,626.4
259,2023-09-16,128,1033,2,173.24
260,2023-09-17,146,1082,7,218.4
261,2023-09-18,172,1038,8,625.92
262,2023-09-19,140,1028,2,134.08
263,2023-09-20,162,1052,5,479.79999999999995
264,2023-09-21,186,1079,9,300.78000000000003
265,2023-09-22,198,1060,7,167.16
266,2023-09-23,145,1087,8,304.72
267,2023-09-24,135,1096,6,199.32
268,2023-09-25,135,1009,8,624.88
269,2023-09-26,189,1057,9,683.82
270,2023-09-27,134,1030,6,421.62
271,2023-09-28,106,1029,2,58.94
272,2023-09-29,137,1096,5,437.8
273,2023-09-30,101,1035,8,768.72
274,2023-10-01,176,1059,9,520.5600000000001
275,2023-10-02,135,1082,8,547.52
276,2023-10-03,170,1093,8,440.48
277,2023-10-04,154,1017,1,35.52
278,2023-10-05,181,1073,7,250.25
279,2023-10-06,163,1060,4,152.84
280,2023-10-07,109,1008,8,217.44
281,2023-10-08,162,1013,3,273.51
282,2023-10-09,102,1033,7,610.82
283,2023-10-10,182,1085,4,206.2
284,2023-10-11,136,1076,6,258.29999999999995
285,2023-10-12,192,1094,9,850.68
286,2023-10-13,141,1041,6,180.06
287,2023-10-14,137,1001,1,59.82
288,2023-10-15,149,1085,7,104.3
289,2023-10-16,126,1093,2,54.42
290,2023-10-17,168,1078,5,321.8
291,2023-10-18,136,1038,8,556.8
292,2023-10-19,131,1048,6,373.74
293,2023-10-20,130,1062,3,264.78000000000003
294,2023-10-21,134,1051,7,695.87
295,2023-10-22,119,1069,5,393.75
296,2023-10-23,118,1077,8,414.88
297,2023-10-24,194,1058,4,340.2
298,2023-10-25,185,1005,7,145.81
299,2023-10-26,103,1037,8,571.92
300,2023-10-27,170,1081,1,56.65
301,2023-10-28,113,1083,7,182.21
302,2023-10-29,145,1038,5,487.8
303,2023-10-30,167,1095,3,121.38
304,2023-10-31,192,1036,4,261.56
305,2023-11-01,186,1049,3,267.21
306,2023-11-02,140,1001,1,55.6
307,2023-11-03,140,1050,6,122.16
308,2023-11-04,176,1058,9,753.21
309,2023-11-05,123,1010,2,83.58
310,2023-11-06,131,1051,1,98.48
311,2023-11-07,118,1098,6,537.24
312,2023-11-08,171,1049,3,260.43
313,2023-11-09,172,1013,2,84.12
314,2023-11-10,119,1071,4,312.56
315,2023-11-11,193,1037,1,98.77
316,2023-11-12,144,1037,7,401.59
317,2023-11-13,184,1031,1,52.37
318,2023-11-14,150,1020,8,90.56
319,2023-11-15,142,1039,4,292.08
320,2023-11-16,194,1045,9,785.34
321,2023-11-17,147,1036,5,161.35000000000002
322,2023-11-18,122,1015,5,191.75
323,2023-11-19,174,1030,6,330.36
324,2023-11-20,190,1052,2,32.98
325,2023-11-21,197,1061,7,126.49000000000001
326,2023-11-22,192,1082,9,431.09999999999997
327,2023-11-23,174,1068,7,234.57
328,2023-11-24,129,1030,2,93.08
329,2023-11-25,182,1028,5,254.45
330,2023-11-26,159,1004,5,489.3
331,2023-11-27,101,1034,9,854.82
332,2023-11-28,187,1052,7,158.06
333,2023-11-29,164,1028,3,268.29
334,2023-11-30,117,1057,4,68.88
335,2023-12-01,137,1022,9,501.21
336,2023-12-02,195,1040,1,24.75
337,2023-12-03,125,1075,6,257.58
338,2023-12-04,164,1030,9,692.1
339,2023-12-05,168,1030,8,385.68
340,2023-12-06,152,1062,6,495.78
341,2023-12-07,109,1059,7,522.8299999999999
342,2023-12-08,157,1025,6,569.16
343,2023-12-09,192,1017,8,464.56
344,2023-12-10,194,1065,5,410.95
345,2023-12-11,188,1099,3,117.18
346,2023-12-12,133,1014,7,287.84
347,2023-12-13,120,1002,7,322.34999999999997
348,2023-12-14,173,1003,9,422.82
349,2023-12-15,172,1067,2,38.58
350,2023-12-16,188,1020,1,56.72
351,2023-12-17,114,1077,6,112.26
352,2023-12-18,159,1031,1,90.08
353,2023-12-19,182,1040,2,31.14
354,2023-12-20,156,1086,5,252.35
355,2023-12-21,165,1078,2,71.24
356,2023-12-22,176,1050,1,23.94
357,2023-12-23,193,1027,4,322.2
358,2023-12-24,137,1013,4,297.36
359,2023-12-25,126,1065,1,23.14
360,2023-12-26,133,1002,9,602.5500000000001
361,2023-12-27,143,1037,3,243.99
362,2023-12-28,115,1011,6,477.59999999999997
363,2023-12-29,187,1033,5,91.55
364,2023-12-30,129,1029,3,215.10000000000002
365,2023-12-31,121,1059,5,372.2
366,2024-01-01,183,1067,3,262.77
367,2024-01-02,169,1093,1,55.72
368,2024-01-03,123,1066,2,103.0
369,2024-01-04,184,1078,6,581.16
370,2024-01-05,108,1084,6,490.14
371,2024-01-06,173,1048,9,542.61
372,2024-01-07,162,1082,1,39.76
373,2024-01-08,114,1037,1,86.07
374,2024-01-09,106,1072,6,305.94
375,2024-01-10,101,1054,8,146.72
376,2024-01-11,109,1071,4,203.76
377,2024-01-12,180,1010,7,619.36
378,2024-01-13,180,1016,1,50.35
379,2024-01-14,154,1019,3,33.87
380,2024-01-15,112,1030,1,65.03
381,2024-01-16,105,1054,6,597.72
382,2024-01-17,140,1061,2,167.1
383,2024-01-18,193,1043,8,524.4
384,2024-01-19,146,1083,4,369.2
385,2024-01-20,127,1003,3,249.66
386,2024-01-21,175,1030,4,219.52
387,2024-01-22,153,1018,3,189.63
388,2024-01-23,150,1036,4,303.28
389,2024-01-24,192,1020,8,689.44
390,2024-01-25,152,1017,8,121.92
391,2024-01-26,119,1024,2,159.46
392,2024-01-27,135,1013,5,251.4
393,2024-01-28,152,1057,7,486.28999999999996
394,2024-01-29,131,1067,8,630.56
395,2024-01-30,154,1021,1,58.56
396,2024-01-31,159,1004,1,24.27
397,2024-02-01,144,1082,7,328.02
398,2024-02-02,156,1045,5,84.60000000000001
399,2024-02-03,119,1039,5,360.20000000000005
400,2024-02-04,146,1043,6,574.98
401,2024-02-05,188,1075,2,163.14
402,2024-02-06,166,1038,3,135.24
403,2024-02-07,171,1041,7,438.13
404,2024-02-08,154,1028,9,336.42
405,2024-02-09,149,1005,3,176.07
406,2024-02-10,195,1052,6,222.42000000000002
407,2024-02-11,160,1023,6,458.70000000000005
408,2024-02-12,181,1038,9,300.06000000000006
409,2024-02-13,127,1036,6,580.5600000000001
410,2024-02-14,136,1031,2,139.16
411,2024-02-15,159,1008,5,80.95
412,2024-02-16,150,1089,7,76.79
413,2024-02-17,174,1089,9,897.57
414,2024-02-18,145,1016,1,29.85
415,2024-02-19,114,1011,6,228.78000000000003
416,2024-02-20,171,1020,7,201.32000000000002
417,2024-02-21,139,1078,1,93.53
418,2024-02-22,140,1057,7,480.76000000000005
419,2024-02-23,109,1019,1,55.39
420,2024-02-24,114,1072,7,421.33
421,2024-02-25,108,1061,8,308.88
422,2024-02-26,181,1025,2,130.56
423,2024-02-27,123,1033,2,95.52
424,2024-02-28,180,1040,6,167.57999999999998
425,2024-02-29,190,1017,1,69.09
426,2024-03-01,109,1053,7,305.55
427,2024-03-02,107,1091,5,403.29999999999995
428,2024-03-03,182,1081,5,236.95
429,2024-03-04,172,1047,5,278.7
430,2024-03-05,185,1097,8,646.96
431,2024-03-06,190,1095,3,150.93
432,2024-03-07,167,1085,2,193.92
433,2024-03-08,161,1024,5,406.85
434,2024-03-09,117,1016,9,759.42
435,2024-03-10,157,1045,5,479.25
436,2024-03-11,124,1084,5,225.0
437,2024-03-12,125,1056,8,497.68
438,2024-03-13,105,1099,1,72.42
439,2024-03-14,150,1028,8,564.88
440,2024-03-15,188,1046,9,861.84
441,2024-03-16,131,1099,6,215.70000000000002
442,2024-03-17,155,1082,3,108.66
443,2024-03-18,126,1088,7,648.34
444,2024-03-19,121,1028,6,491.64
445,2024-03-20,198,1078,7,198.1
446,2024-03-21,158,1049,6,367.79999999999995
447,2024-03-22,124,1088,4,308.48
448,2024-03-23,128,1095,4,167.08
449,2024-03-24,130,1006,1,49.09
450,2024-03-25,134,1098,4,247.16
451,2024-03-26,154,1099,5,260.2
452,2024-03-27,152,1029,2,155.54
453,2024-03-28,187,1066,1,10.53
454,2024-03-29,108,1069,4,196.48
455,2024-03-30,110,1086,4,161.52
456,2024-03-31,155,1073,5,324.09999999999997
457,2024-04-01,101,1034,7,558.88
458,2024-04-02,184,1049,6,101.10000000000001
459,2024-04-03,137,1090,8,193.84
460,2024-04-04,182,1070,2,139.72
461,2024-04-05,121,1066,6,458.76
462,2024-04-06,104,1072,8,503.52
463,2024-04-07,143,1002,7,689.15
464,2024-04-08,166,1002,7,384.65000000000003
465,2024-04-09,121,1072,7,155.89
466,2024-04-10,137,1026,2,143.54
467,2024-04-11,169,1078,9,577.71
468,2024-04-12,181,1051,5,315.7
469,2024-04-13,148,1028,3,177.39000000000001
470,2024-04-14,111,1097,1,94.52
471,2024-04-15,195,1044,3,64.86
472,2024-04-16,192,1020,9,149.31
473,2024-04-17,144,1099,4,95.48
474,2024-04-18,164,1046,8,256.4
475,2024-04-19,132,1081,3,190.10999999999999
476,2024-04-20,121,1044,2,130.24
477,2024-04-21,171,1068,5,154.65
478,2024-04-22,110,1009,5,270.15
479,2024-04-23,161,1084,5,266.95
480,2024-04-24,192,1047,3,152.34
481,2024-04-25,136,1065,5,411.59999999999997
482,2024-04-26,184,1021,9,472.05
483,2024-04-27,177,1097,8,626.0
484,2024-04-28,119,1099,9,224.82
485,2024-04-29,175,1006,6,347.28000000000003
486,2024-04-30,199,1086,2,168.34
487,2024-05-01,198,1025,9,233.91
488,2024-05-02,144,1003,9,466.56000000000006
489,2024-05-03,104,1072,7,453.73999999999995
490,2024-05-04,113,1076,1,26.63
491,2024-05-05,159,1029,1,78.11
492,2024-05-06,102,1096,3,51.33
493,2024-05-07,101,1066,4,380.72
494,2024-05-08,140,1081,3,156.42000000000002
495,2024-05-09,125,1083,2,80.5
496,2024-05-10,159,1015,6,123.06
497,2024-05-11,137,1022,7,342.51
498,2024-05-12,170,1070,2,138.76
499,2024-05-13,107,1034,9,166.5
500,2024-05-14,104,1003,8,300.48
501,2024-05-15,199,1028,8,681.92
502,2024-05-16,141,1020,4,272.64
503,2024-05-17,161,1016,5,142.85
504,2024-05-18,134,1072,7,171.36
505,2024-05-19,129,1030,7,639.8000000000001
506,2024-05-20,169,1036,5,179.14999999999998
507,2024-05-21,127,1098,2,52.32
508,2024-05-22,197,1049,3,300.0
509,2024-05-23,152,1050,1,37.83
510,2024-05-24,174,1081,1,21.23
511,2024-05-25,154,1057,8,412.48
512,2024-05-26,170,1064,7,343.63
513,2024-05-27,134,1089,3,280.23
514,2024-05-28,108,1059,9,198.71999999999997
515,2024-05-29,195,1006,9,163.79999999999998
516,2024-05-30,173,1052,3,55.11
517,2024-05-31,185,1062,2,182.78
518,2024-06-01,108,1084,3,151.32
519,2024-06-02,168,1018,8,188.4
520,2024-06-03,186,1046,7,444.08
521,2024-06-04,192,1097,7,408.73
522,2024-06-05,168,1063,3,83.58
523,2024-06-06,185,1023,2,128.54
524,2024-06-07,172,1098,6,243.71999999999997
525,2024-06-08,184,1010,7,220.15
526,2024-06-09,196,1006,4,223.76
527,2024-06-10,101,1077,5,181.25
528,2024-06-11,106,1062,3,89.97
529,2024-06-12,192,1043,2,178.36
530,2024-06-13,131,1017,7,168.14
531,2024-06-14,174,1060,1,35.25
532,2024-06-15,184,1018,3,134.25
533,2024-06-16,108,1069,7,242.41000000000003
534,2024-06-17,122,1061,4,115.84
535,2024-06-18,193,1026,8,635.2
536,2024-06-19,109,1015,6,237.66
537,2024-06-20,144,1062,3,60.39
538,2024-06-21,147,1054,7,410.76
539,2024-06-22,101,1082,7,149.03
540,2024-06-23,152,1030,2,84.36
541,2024-06-24,139,1071,1,89.36
542,2024-06-25,190,1029,2,86.44
543,2024-06-26,175,1075,4,267.72
544,2024-06-27,199,1006,4,225.28
545,2024-06-28,188,1085,2,44.8
546,2024-06-29,197,1056,4,273.68
547,2024-06-30,184,1051,5,435.20000000000005
548,2024-07-01,127,1087,4,73.56
549,2024-07-02,179,1054,6,466.98
550,2024-07-03,133,1011,7,504.84000000000003
551,2024-07-04,171,1044,9,792.0
552,2024-07-05,198,1060,6,116.22
553,2024-07-06,145,1031,6,225.06
554,2024-07-07,160,1060,9,652.41
555,2024-07-08,158,1015,5,59.900000000000006
556,2024-07-09,151,1049,6,456.41999999999996
557,2024-07-10,146,1057,1,87.22
558,2024-07-11,105,1066,4,203.2
559,2024-07-12,158,1008,2,98.18
560,2024-07-13,194,1070,7,245.42000000000002
561,2024-07-14,192,1016,9,94.05
562,2024-07-15,118,1053,7,187.39
563,2024-07-16,136,1033,4,392.76
564,2024-07-17,167,1088,5,440.3
565,2024-07-18,121,1079,6,203.94
566,2024-07-19,146,1035,9,870.66
567,2024-07-20,158,1030,3,129.27
568,2024-07-21,180,1052,4,147.12
569,2024-07-22,137,1090,3,71.25
570,2024-07-23,163,1054,2,182.28
571,2024-07-24,105,1005,2,197.66
572,2024-07-25,178,1065,9,355.23
573,2024-07-26,131,1027,7,513.1700000000001
574,2024-07-27,188,1085,4,160.72
575,2024-07-28,199,1006,3,58.349999999999994
576,2024-07-29,136,1089,3,136.02
577,2024-07-30,174,1018,5,298.2
578,2024-07-31,191,1069,8,168.56
579,2024-08-01,156,1057,3,250.92000000000002
580,2024-08-02,127,1033,5,273.8
581,2024-08-03,123,1082,5,155.45
582,2024-08-04,177,1073,2,126.7
583,2024-08-05,180,1074,6,488.34000000000003
584,2024-08-06,199,1032,4,157.96
585,2024-08-07,191,1095,8,585.04
586,2024-08-08,152,1074,5,242.54999999999998
587,2024-08-09,147,1049,3,290.28000000000003
588,2024-08-10,181,1033,1,79.38
589,2024-08-11,162,1015,3,126.21000000000001
590,2024-08-12,161,1062,3,34.8
591,2024-08-13,148,1088,7,484.26000000000005
592,2024-08-14,101,1033,9,250.29
593,2024-08-15,111,1057,2,41.94
594,2024-08-16,176,1029,2,187.72
595,2024-08-17,114,1044,2,200.0
596,2024-08-18,172,1098,1,34.29
597,2024-08-19,195,1051,2,74.32
598,2024-08-20,107,1047,8,198.8
599,2024-08-21,146,1073,1,51.19
600,2024-08-22,131,1038,7,615.51
601,2024-08-23,116,1003,6,438.84000000000003
602,2024-08-24,142,1018,9,775.53
603,2024-08-25,139,1016,6,183.35999999999999
604,2024-08-26,154,1068,7,530.18
605,2024-08-27,144,1086,9,834.03
606,2024-08-28,183,1094,2,70.66
607,2024-08-29,108,1023,5,360.79999999999995
608,2024-08-30,193,1083,6,276.36
609,2024-08-31,166,1008,1,36.12
610,2024-09-01,142,1056,6,583.62
611,2024-09-02,167,1050,7,289.66
612,2024-09-03,193,1027,2,39.42
613,2024-09-04,179,1005,2,89.94
614,2024-09-05,192,1090,4,201.16
615,2024-09-06,132,1027,2,155.4
616,2024-09-07,194,1061,7,668.43
617,2024-09-08,151,1084,1,83.54
618,2024-09-09,147,1079,8,750.24
619,2024-09-10,194,1019,7,369.32
620,2024-09-11,134,1097,5,373.7
621,2024-09-12,113,1092,3,113.43
622,2024-09-13,197,1037,4,65.04
623,2024-09-14,181,1021,7,300.23
624,2024-09-15,167,1004,7,509.67
625,2024-09-16,173,1019,3,104.16
626,2024-09-17,111,1078,2,175.06
627,2024-09-18,191,1052,8,649.36
628,2024-09-19,128,1050,9,247.14000000000001
629,2024-09-20,157,1032,9,358.02
630,2024-09-21,166,1098,5,421.4
631,2024-09-22,165,1019,3,95.85
632,2024-09-23,170,1013,9,358.56000000000006
633,2024-09-24,189,1092,1,40.88
634,2024-09-25,135,1099,4,328.36
635,2024-09-26,180,1072,1,13.33
636,2024-09-27,104,1095,6,99.84
637,2024-09-28,161,1046,8,496.48
638,2024-09-29,138,1081,8,365.92
639,2024-09-30,144,1066,5,334.79999999999995
640,2024-10-01,184,1089,9,305.82
641,2024-10-02,189,1017,3,275.58
642,2024-10-03,171,1046,6,470.88
643,2024-10-04,121,1092,2,32.2
644,2024-10-05,107,1038,8,644.4
645,2024-10-06,129,1051,8,778.08
646,2024-10-07,107,1025,2,189.64
647,2024-10-08,167,1049,6,457.14
648,2024-10-09,193,1077,1,21.12
649,2024-10-10,193,1005,8,494.8
650,2024-10-11,170,1052,9,320.21999999999997
651,2024-10-12,174,1047,5,486.59999999999997
652,2024-10-13,155,1041,6,447.41999999999996
653,2024-10-14,178,1015,3,194.91
654,2024-10-15,122,1011,1,72.56
655,2024-10-16,132,1028,9,444.78000000000003
656,2024-10-17,182,1079,7,304.84999999999997
657,2024-10-18,136,1014,6,565.3199999999999
658,2024-10-19,109,1005,4,159.48
659,2024-10-20,126,1087,9,123.57000000000001
660,2024-10-21,122,1016,1,46.08
661,2024-10-22,146,1030,8,649.04
662,2024-10-23,187,1079,3,205.07999999999998
663,2024-10-24,117,1043,9,869.4
664,2024-10-25,126,1026,8,156.48
665,2024-10-26,138,1076,7,644.2800000000001
666,2024-10-27,102,1096,1,43.2
667,2024-10-28,106,1092,6,315.96
668,2024-10-29,171,1023,3,145.68
669,2024-10-30,113,1044,7,143.36
670,2024-10-31,191,1085,9,290.7
671,2024-11-01,175,1056,5,384.0
672,2024-11-02,155,1003,1,12.07
673,2024-11-03,179,1026,4,88.2
674,2024-11-04,163,1001,5,61.349999999999994
675,2024-11-05,173,1096,2,174.32
676,2024-11-06,172,1057,9,590.04
677,2024-11-07,146,1071,3,75.87
678,2024-11-08,106,1083,9,712.71
679,2024-11-09,148,1087,9,873.09
680,2024-11-10,160,1063,8,752.88
681,2024-11-11,143,1047,4,371.76
682,2024-11-12,168,1090,7,74.89999999999999
683,2024-11-13,111,1078,4,252.04
684,2024-11-14,158,1013,8,264.8
685,2024-11-15,192,1063,8,486.56
686,2024-11-16,190,1038,3,115.85999999999999
687,2024-11-17,104,1084,8,190.64
688,2024-11-18,179,1032,9,450.0
689,2024-11-19,183,1029,5,272.8
690,2024-11-20,170,1060,4,396.32
691,2024-11-21,159,1084,1,13.81
692,2024-11-22,105,1041,3,111.30000000000001
693,2024-11-23,118,1090,6,520.02
694,2024-11-24,170,1030,5,346.85
695,2024-11-25,164,1029,3,253.20000000000002
696,2024-11-26,195,1053,8,555.44
697,2024-11-27,125,1043,4,313.44
698,2024-11-28,104,1011,8,434.88
699,2024-11-29,170,1085,4,113.76
700,2024-11-30,141,1018,2,165.8
701,2024-12-01,137,1001,5,305.5
702,2024-12-02,159,1040,6,135.35999999999999
703,2024-12-03,150,1039,4,329.76
704,2024-12-04,156,1099,3,288.81
705,2024-12-05,125,1066,2,82.3
706,2024-12-06,134,1049,4,145.68
707,2024-12-07,119,1087,5,86.8
708,2024-12-08,198,1046,5,349.0
709,2024-12-09,179,1050,7,674.1700000000001
710,2024-12-10,108,1023,4,88.96
711,2024-12-11,154,1093,8,429.28
712,2024-12-12,147,1066,5,94.2
713,2024-12-13,134,1086,1,13.07
714,2024-12-14,182,1067,1,69.81
715,2024-12-15,130,1033,1,88.09
716,2024-12-16,113,1051,1,40.38
717,2024-12-17,147,1071,5,444.09999999999997
718,2024-12-18,133,1036,6,123.18
719,2024-12-19,135,1024,6,188.52
720,2024-12-20,188,1083,3,273.42
721,2024-12-21,126,1090,1,55.77
722,2024-12-22,147,1080,8,517.92
723,2024-12-23,153,1028,2,26.84
724,2024-12-24,165,1086,1,21.56
725,2024-12-25,177,1002,8,120.16
726,2024-12-26,174,1010,7,640.15
727,2024-12-27,119,1082,8,177.04
728,2024-12-28,105,1012,1,86.47
729,2024-12-29,108,1065,5,207.95000000000002
730,2024-12-30,104,1068,9,738.4499999999999
731,2024-12-31,149,1062,6,257.1
732,2025-01-01,177,1055,3,102.27000000000001
733,2025-01-02,138,1037,6,110.58
734,2025-01-03,149,1085,5,176.29999999999998
735,2025-01-04,183,1020,2,104.86
736,2025-01-05,152,1070,1,83.58
737,2025-01-06,150,1085,3,152.19
738,2025-01-07,172,1063,6,584.58
739,2025-01-08,191,1069,5,293.75
740,2025-01-09,150,1042,3,36.75
741,2025-01-10,130,1081,8,379.04
742,2025-01-11,104,1017,4,288.0
743,2025-01-12,175,1058,6,186.54
744,2025-01-13,185,1006,7,510.15999999999997
745,2025-01-14,166,1097,5,276.65
746,2025-01-15,121,1023,9,110.88
747,2025-01-16,181,1004,1,79.69
748,2025-01-17,143,1009,1,60.43
749,2025-01-18,129,1063,3,52.260000000000005
750,2025-01-19,127,1093,7,369.39000000000004
751,2025-01-20,188,1042,2,71.72
752,2025-01-21,153,1075,6,535.02
753,2025-01-22,149,1093,6,213.84
754,2025-01-23,167,1096,3,284.25
755,2025-01-24,110,1012,4,236.6
756,2025-01-25,103,1035,4,156.52
757,2025-01-26,190,1092,4,332.88
758,2025-01-27,191,1050,9,654.93
759,2025-01-28,169,1072,6,283.56
760,2025-01-29,111,1040,6,400.02
761,2025-01-30,113,1059,2,160.14
762,2025-01-31,198,1006,9,779.76
763,2025-02-01,138,1074,8,667.84
764,2025-02-02,140,1089,8,199.6
765,2025-02-03,133,1013,2,169.12
766,2025-02-04,134,1098,1,15.28
767,2025-02-05,127,1060,5,140.1
768,2025-02-06,190,1079,7,462.42
769,2025-02-07,151,1016,1,20.32
770,2025-02-08,189,1005,4,257.2
771,2025-02-09,183,1023,4,150.88
772,2025-02-10,121,1053,5,243.25
773,2025-02-11,195,1067,2,76.72
774,2025-02-12,129,1072,1,16.32
775,2025-02-13,173,1073,5,275.35
776,2025-02-14,119,1006,7,677.04
777,2025-02-15,126,1040,9,585.54
778,2025-02-16,125,1080,3,111.0
779,2025-02-17,140,1080,2,192.1
780,2025-02-18,129,1042,3,135.09
781,2025-02-19,125,1090,2,145.56
782,2025-02-20,119,1023,1,67.07
783,2025-02-21,168,1090,2,191.52
784,2025-02-22,145,1090,7,646.1700000000001
785,2025-02-23,184,1020,5,116.6
786,2025-02-24,146,1063,5,88.55000000000001
787,2025-02-25,155,1030,6,497.22
788,2025-02-26,101,1010,4,365.76
789,2025-02-27,111,1012,7,380.59
790,2025-02-28,168,1027,1,72.17
791,2025-03-01,107,1083,3,48.84
792,2025-03-02,192,1073,1,29.78
793,2025-03-03,158,1002,8,187.52
794,2025-03-04,171,1047,8,512.8
795,2025-03-05,120,1056,2,55.56
796,2025-03-06,135,1011,5,76.95
797,2025-03-07,151,1075,9,334.8
798,2025-03-08,121,1025,1,70.95
799,2025-03-09,144,1096,4,248.04
800,2025-03-10,101,1044,5,198.85000000000002
801,2025-03-11,167,1092,7,595.07
802,2025-03-12,198,1014,2,69.72
803,2025-03-13,113,1079,4,133.8
804,2025-03-14,116,1056,4,241.6
805,2025-03-15,134,1006,3,159.12
806,2025-03-16,124,1024,5,250.7
807,2025-03-17,113,1043,5,120.1
808,2025-03-18,106,1050,5,277.1
809,2025-03-19,139,1076,6,199.86
810,2025-03-20,102,1057,9,407.7
811,2025-03-21,111,1044,4,304.08
812,2025-03-22,107,1025,7,660.24
813,2025-03-23,107,1082,6,477.90000000000003
814,2025-03-24,139,1022,4,186.04
815,2025-03-25,176,1095,4,253.48
816,2025-03-26,186,1019,8,617.44
817,2025-03-27,151,1064,1,47.28
818,2025-03-28,152,1090,8,339.36
819,2025-03-29,103,1030,5,110.85000000000001
820,2025-03-30,177,1038,1,76.26
821,2025-03-31,130,1050,6,512.8199999999999
822,2025-04-01,110,1041,4,153.96
823,2025-04-02,173,1096,7,563.64
824,2025-04-03,106,1012,8,519.36
825,2025-04-04,154,1057,1,80.57
826,2025-04-05,166,1064,4,188.08
827,2025-04-06,144,1015,3,231.84
828,2025-04-07,180,1033,1,46.77
829,2025-04-08,163,1066,8,143.92
830,2025-04-09,177,1066,1,59.55
831,2025-04-10,148,1037,8,407.12
832,2025-04-11,177,1026,3,98.28
833,2025-04-12,122,1077,1,90.29
834,2025-04-13,119,1073,3,133.38
835,2025-04-14,190,1051,7,94.64
836,2025-04-15,114,1013,1,44.39
837,2025-04-16,195,1025,9,433.89
838,2025-04-17,193,1020,4,350.2
839,2025-04-18,186,1068,4,327.72
840,2025-04-19,107,1011,7,196.0
841,2025-04-20,149,1008,7,598.57
842,2025-04-21,141,1053,7,226.17000000000002
843,2025-04-22,127,1093,5,203.85000000000002
844,2025-04-23,131,1015,3,50.730000000000004
845,2025-04-24,106,1073,6,89.88
846,2025-04-25,116,1047,5,356.4
847,2025-04-26,164,1036,3,279.29999999999995
848,2025-04-27,138,1082,1,54.37
849,2025-04-28,160,1024,2,171.94
850,2025-04-29,196,1062,6,488.64
851,2025-04-30,197,1054,6,418.91999999999996
852,2025-05-01,181,1013,9,882.36
853,2025-05-02,133,1046,5,411.0
854,2025-05-03,163,1008,1,34.74
855,2025-05-04,111,1048,7,567.07
856,2025-05-05,113,1040,2,144.68
857,2025-05-06,194,1095,2,91.92
858,2025-05-07,165,1020,4,67.64
859,2025-05-08,130,1051,1,29.29
860,2025-05-09,191,1066,4,327.0
861,2025-05-10,123,1044,2,64.72
862,2025-05-11,120,1083,4,399.24
863,2025-05-12,106,1079,2,144.92
864,2025-05-13,137,1090,5,264.75
865,2025-05-14,184,1057,8,490.72
866,2025-05-15,106,1073,7,454.86
867,2025-05-16,193,1051,5,486.04999999999995
868,2025-05-17,177,1035,6,147.35999999999999
869,2025-05-18,127,1091,7,241.64000000000001
870,2025-05-19,184,1012,1,73.86
871,2025-05-20,113,1012,5,157.95
872,2025-05-21,108,1037,4,353.68
873,2025-05-22,153,1050,8,329.52
874,2025-05-23,181,1077,1,26.28
875,2025-05-24,130,1082,1,14.29
876,2025-05-25,101,1096,9,572.4
877,2025-05-26,188,1075,4,337.12
878,2025-05-27,180,1049,7,242.48000000000002
879,2025-05-28,175,1075,6,555.48
880,2025-05-29,104,1012,8,625.6
881,2025-05-30,162,1094,4,62.08
882,2025-05-31,168,1035,3,184.62
883,2025-06-01,117,1075,9,549.63
884,2025-06-02,174,1077,2,56.42
885,2025-06-03,185,1040,4,160.44
886,2025-06-04,157,1011,9,461.25
887,2025-06-05,163,1003,4,57.32
888,2025-06-06,157,1076,6,140.88
889,2025-06-07,149,1047,2,49.52
890,2025-06-08,118,1052,3,132.39000000000001
891,2025-06-09,158,1042,7,540.82
892,2025-06-10,110,1092,4,339.28
893,2025-06-11,163,1004,3,73.98
894,2025-06-12,180,1017,6,466.02
895,2025-06-13,179,1064,4,281.44
896,2025-06-14,134,1065,6,540.96
897,2025-06-15,105,1014,2,194.38
898,2025-06-16,117,1039,2,42.4
899,2025-06-17,172,1005,6,103.56
900,2025-06-18,163,1004,9,737.82
901,2025-06-19,124,1020,4,98.4
902,2025-06-20,192,1082,3,82.53
903,2025-06-21,108,1017,3,268.14
904,2025-06-22,123,1072,5,472.55
905,2025-06-23,199,1025,8,309.28
906,2025-06-24,131,1012,9,772.1999999999999
907,2025-06-25,181,1023,9,785.6999999999999
908,2025-06-26,128,1061,6,386.93999999999994
909,2025-06-27,148,1092,6,365.70000000000005
910,2025-06-28,112,1003,4,247.32
911,2025-06-29,188,1009,8,296.96
912,2025-06-30,179,1073,7,459.90000000000003
913,2025-07-01,131,1090,1,31.92
914,2025-07-02,191,1039,9,233.91
915,2025-07-03,135,1053,6,283.02
916,2025-07-04,155,1098,6,441.12
917,2025-07-05,182,1089,4,263.72
918,2025-07-06,136,1064,9,871.5600000000001
919,2025-07-07,172,1022,8,545.44
920,2025-07-08,160,1005,5,113.6
921,2025-07-09,138,1032,8,196.08
922,2025-07-10,169,1076,2,36.76
923,2025-07-11,154,1038,4,108.84
924,2025-07-12,114,1008,6,382.92
925,2025-07-13,120,1023,9,769.0500000000001
926,2025-07-14,109,1043,6,542.7
927,2025-07-15,197,1060,9,414.0
928,2025-07-16,182,1096,8,482.16
929,2025-07-17,170,1055,4,331.32
930,2025-07-18,102,1074,6,228.54000000000002
931,2025-07-19,130,1052,7,445.27
932,2025-07-20,106,1083,6,154.02
933,2025-07-21,181,1024,4,211.56
934,2025-07-22,141,1084,3,76.74
935,2025-07-23,123,1026,4,206.48
936,2025-07-24,131,1058,2,91.42
937,2025-07-25,120,1070,7,342.93
938,2025-07-26,105,1090,4,127.72
939,2025-07-27,121,1046,8,177.92
940,2025-07-28,175,1089,8,278.48
941,2025-07-29,168,1052,6,189.35999999999999
942,2025-07-30,187,1060,3,228.27
943,2025-07-31,161,1045,2,149.06
944,2025-08-01,194,1027,8,500.8
945,2025-08-02,142,1044,6,109.32
946,2025-08-03,141,1033,1,60.96
947,2025-08-04,161,1031,4,68.52
948,2025-08-05,182,1015,8,93.12
949,2025-08-06,152,1072,2,83.46
950,2025-08-07,141,1097,1,31.65
951,2025-08-08,160,1062,9,571.6800000000001
952,2025-08-09,195,1002,2,187.16
953,2025-08-10,130,1048,8,598.32
954,2025-08-11,198,1044,8,632.48
955,2025-08-12,195,1091,7,669.06
956,2025-08-13,138,1016,1,67.07
957,2025-08-14,189,1069,6,372.0
958,2025-08-15,117,1075,6,385.02
959,2025-08-16,140,1086,7,615.44
960,2025-08-17,130,1040,6,269.58
961,2025-08-18,166,1095,4,326.32
962,2025-08-19,124,1087,4,274.8
963,2025-08-20,173,1001,9,336.68999999999994
964,2025-08-21,101,1082,4,44.92
965,2025-08-22,188,1059,4,115.56
966,2025-08-23,138,1013,4,292.0
967,2025-08-24,164,1092,7,435.19
968,2025-08-25,127,1044,5,173.55
969,2025-08-26,190,1055,3,147.27
970,2025-08-27,190,1048,6,417.0
971,2025-08-28,107,1023,2,42.88
972,2025-08-29,189,1032,9,440.18999999999994
973,2025-08-30,180,1035,9,427.5
974,2025-08-31,142,1099,6,352.98
975,2025-09-01,118,1043,9,512.73
976,2025-09-02,181,1069,4,172.4
977,2025-09-03,144,1063,1,78.65
978,2025-09-04,170,1037,7,112.35000000000001
979,2025-09-05,120,1084,4,52.8
980,2025-09-06,123,1045,2,95.64
981,2025-09-07,112,1082,8,725.6
982,2025-09-08,112,1071,9,314.82
983,2025-09-09,134,1007,4,102.04
984,2025-09-10,108,1049,8,748.32
985,2025-09-11,127,1010,7,175.98000000000002
986,2025-09-12,149,1029,8,349.92
987,2025-09-13,172,1078,7,529.27
988,2025-09-14,155,1057,7,234.35999999999999
989,2025-09-15,197,1010,8,245.52
990,2025-09-16,183,1086,9,412.11
991,2025-09-17,188,1067,6,485.15999999999997
992,2025-09-18,122,1010,7,643.93
993,2025-09-19,103,1037,4,51.28
994,2025-09-20,109,1029,8,198.88
995,2025-09-21,111,1065,3,288.81
996,2025-09-22,106,1075,8,506.8
997,2025-09-23,139,1014,9,536.6700000000001
998,2025-09-24,139,1003,3,249.66
999,2025-09-25,166,1038,4,54.32
1000,2025-09-26,160,1072,2,22.5
